<?xml version="1.0" encoding="UTF-8"?>
<project-private xmlns="http://www.netbeans.org/ns/project-private/1">
    <editor-bookmarks xmlns="http://www.netbeans.org/ns/editor-bookmarks/2" lastBookmarkId="0"/>
    <open-files xmlns="http://www.netbeans.org/ns/projectui-open-files/2">
        <group>
            <file>file:/Users/sugandhakher/NetBeansProjects/Project5/src/project5/ShapeFactory.java</file>
            <file>file:/Users/sugandhakher/NetBeansProjects/Project5/src/project5/P5CanvasController.java</file>
            <file>file:/Users/sugandhakher/NetBeansProjects/Project5/src/project5/P5MainFrame.java</file>
            <file>file:/Users/sugandhakher/NetBeansProjects/Project5/src/project5/P5Canvas.java</file>
            <file>file:/Users/sugandhakher/NetBeansProjects/Project5/src/project5/P5Curve.java</file>
            <file>file:/Users/sugandhakher/NetBeansProjects/Project5/src/project5/P5Line.java</file>
        </group>
    </open-files>
</project-private>
